{
  "last_evolution_ts": 1776928352.7194076,
  "last_evolved_file_mtime": 1776928398.329397,
  "last_shadow_ts": 1776921184.580555,
  "trades_since_evolution": 0
}