{
  "n_estimators": 129,
  "learning_rate": 0.08839554346464404,
  "max_depth": 2,
  "subsample": 0.9086053256142828,
  "min_confidence": 0.38667688412602513
}